task_clock,context_switches,cpu_migrations,page_faults,time_elapsed,size,threads
0.882543,0.0,0.0,55,0.001167483,16,1
2.329011,0.0,0.0,63,0.002549516,32,1
7.669842,0.0,0.0,93,0.007898631,64,1
28.730216,0.0,0.0,213,0.028967431,128,1
113.322194,0.0,0.0,694,0.113569981,256,1
455.750033,1.0,0.0,2613,0.456027595,512,1
1824.512449,6.0,1.0,10294,1.829818105,1024,1
7297.042465,26.0,0.0,41014,7.323573686,2048,1
29062.17198,103.0,1.0,163894,29.164586525,4096,1
116242.591704,464.0,8.0,655414,116.703036531,8192,1
0.466998,0.0,0.0,55,0.000709323,16,1
0.709889,0.0,0.0,63,0.000934441,32,1
1.742925,0.0,0.0,93,0.001951703,64,1
6.025929,0.0,0.0,212,0.006265833,128,1
20.907663,0.0,0.0,694,0.021137805,256,1
80.503355,0.0,0.0,2614,0.08077485,512,1
326.530092,2.0,0.0,10294,0.330518664,1024,1
1286.912864,22.0,1.0,41014,1.31100532,2048,1
5149.955575,94.0,1.0,163894,5.256703066,4096,1
20359.54648,295.0,2.0,655414,20.832221839,8192,1
0.877011,0.0,0.0,55,0.001157381,16,1
2.394132,0.0,0.0,63,0.002613286,32,1
8.261397,0.0,0.0,92,0.008481795,64,1
30.888166,0.0,0.0,213,0.031128853,128,1
119.378374,0.0,0.0,694,0.119654003,256,1
475.882018,1.0,0.0,2613,0.476163798,512,1
1935.485829,5.0,0.0,10294,1.940482366,1024,1
7706.865034,25.0,0.0,41013,7.734947386,2048,1
30737.159744,78.0,0.0,163894,30.843593532,4096,1
122816.266122,330.0,1.0,655414,123.279995438,8192,1
0.95307,0.0,0.0,55,0.001171602,16,1
2.49824,0.0,0.0,63,0.002722826,32,1
9.10203,0.0,0.0,93,0.009322937,64,1
34.280426,0.0,0.0,213,0.034515686,128,1
135.737834,0.0,0.0,694,0.135992965,256,1
547.005231,1.0,0.0,2614,0.547290432,512,1
2188.488138,6.0,1.0,10294,2.193442707,1024,1
9408.711903,26.0,0.0,41014,9.432515575,2048,1
34930.173086,104.0,0.0,163894,35.029675196,4096,1
139610.405161,502.0,9.0,655414,140.054419252,8192,1
0.735391,0.0,0.0,49,0.001018902,16,1
2.174204,0.0,0.0,49,0.002488584,32,1
7.432031,0.0,0.0,49,0.007704034,64,1
27.76427,0.0,0.0,49,0.028070619,128,1
109.184632,0.0,0.0,49,0.109525448,256,1
435.545578,1.0,0.0,49,0.435897207,512,1
1744.89666,2.0,0.0,49,1.74521963,1024,1
6964.920699,6.0,0.0,49,6.965342724,2048,1
27777.518821,14.0,0.0,48,27.778155381,4096,1
111115.382015,42.0,0.0,49,111.117012204,8192,1
0.376809,0.0,0.0,49,0.00066228,16,1
0.5528,0.0,0.0,49,0.000852488,32,1
1.356273,0.0,0.0,49,0.001658822,64,1
4.515517,0.0,0.0,49,0.004821176,128,1
16.129883,0.0,0.0,49,0.016423399,256,1
62.555251,0.0,0.0,49,0.062870798,512,1
247.865261,0.0,0.0,49,0.248202005,1024,1
993.182357,2.0,0.0,49,0.993570375,2048,1
3943.216622,4.0,0.0,48,3.943630993,4096,1
15734.376657,8.0,0.0,49,15.734890561,8192,1
0.780756,0.0,0.0,49,0.001075185,16,1
2.245116,0.0,0.0,49,0.002556617,32,1
7.905702,0.0,0.0,49,0.008215149,64,1
29.441407,0.0,0.0,49,0.029742753,128,1
115.913866,0.0,0.0,49,0.116242819,256,1
462.047386,1.0,0.0,49,0.462386342,512,1
1850.083609,2.0,0.0,49,1.850395746,1024,1
7396.444499,6.0,0.0,49,7.396871173,2048,1
29498.812179,18.0,0.0,49,29.499488141,4096,1
117979.005374,56.0,0.0,49,117.98059445,8192,1
0.794501,0.0,0.0,49,0.001081577,16,1
2.459127,0.0,0.0,49,0.002781575,32,1
8.691183,0.0,0.0,49,0.008992002,64,1
33.225899,0.0,0.0,49,0.033518699,128,1
131.868654,0.0,0.0,49,0.13222029,256,1
526.520883,1.0,0.0,49,0.52688419,512,1
2108.359396,2.0,0.0,49,2.108671592,1024,1
8421.525384,6.0,0.0,49,8.42196779,2048,1
33584.599228,11.0,0.0,49,33.585225212,4096,1
134397.743065,50.0,0.0,49,134.399610998,8192,1
1.018647,0.0,0.0,63,0.001475675,16,1
1.448377,2.0,0.0,77,0.001396737,16,2
1.626429,4.0,0.0,81,0.001387043,16,3
1.776523,5.0,1.0,83,0.001387703,16,4
1.89013,7.0,1.0,85,0.001443654,16,5
2.087273,8.0,1.0,86,0.00156567,16,6
2.286509,13.0,2.0,89,0.001685577,16,7
2.343345,11.0,4.0,90,0.001680694,16,8
2.296955,0.0,0.0,71,0.002592905,32,1
2.99729,2.0,0.0,86,0.00219633,32,2
3.285087,4.0,1.0,87,0.002100524,32,3
3.424465,6.0,1.0,90,0.001904758,32,4
3.626928,9.0,1.0,92,0.001938505,32,5
3.77096,10.0,2.0,93,0.001978034,32,6
3.958763,14.0,3.0,94,0.002102195,32,7
3.980864,13.0,3.0,98,0.002120552,32,8
7.714342,0.0,0.0,101,0.008006029,64,1
8.895518,4.0,0.0,115,0.005296484,64,2
9.392408,6.0,0.0,117,0.004268343,64,3
9.970142,10.0,1.0,120,0.003776435,64,4
10.208448,13.0,2.0,121,0.003903498,64,5
10.249108,15.0,2.0,123,0.003908086,64,6
10.650928,21.0,4.0,125,0.00409291,64,7
10.833822,20.0,5.0,127,0.004214405,64,8
29.313188,0.0,0.0,221,0.029624681,128,1
32.692443,7.0,0.0,236,0.017812105,128,2
34.333721,16.0,0.0,238,0.013286326,128,3
35.832763,27.0,1.0,240,0.011594747,128,4
36.051083,36.0,3.0,241,0.011149959,128,5
36.464579,39.0,5.0,244,0.011306737,128,6
36.67857,44.0,6.0,245,0.011370703,128,7
36.670825,50.0,5.0,248,0.011279681,128,8
115.413146,0.0,0.0,702,0.115754107,256,1
126.140183,16.0,1.0,717,0.06652472,256,2
134.28663,68.0,0.0,718,0.050073567,256,3
141.026255,140.0,2.0,721,0.041512331,256,4
142.000782,153.0,5.0,722,0.041302044,256,5
142.573633,175.0,8.0,725,0.041575618,256,6
141.892818,173.0,8.0,727,0.041045407,256,7
141.765396,179.0,9.0,729,0.041050904,256,8
457.580883,1.0,0.0,2622,0.457922997,512,1
507.427706,95.0,2.0,2637,0.264809296,512,2
529.627396,353.0,1.0,2639,0.192947971,512,3
557.040473,683.0,2.0,2640,0.158931856,512,4
559.538673,746.0,23.0,2643,0.158841947,512,5
560.359008,780.0,27.0,2645,0.158217136,512,6
561.152799,838.0,26.0,2646,0.157364332,512,7
563.220956,936.0,11.0,2649,0.157752911,512,8
1832.636377,5.0,0.0,10302,1.838458197,1024,1
1903.067814,32.0,2.0,10316,0.992832627,1024,2
1964.82264,838.0,2.0,10318,0.711848392,1024,3
2004.035824,1855.0,2.0,10322,0.566025411,1024,4
2009.332188,2097.0,55.0,10323,0.566556519,1024,5
2016.622854,2382.0,62.0,10325,0.570242951,1024,6
2019.445485,2712.0,49.0,10326,0.566717818,1024,7
2027.833149,2940.0,15.0,10328,0.570593573,1024,8
7290.295134,25.0,0.0,41022,7.317457902,2048,1
8337.183919,2638.0,2.0,41036,4.3490256,2048,2
8505.926358,9328.0,2.0,41038,3.086617587,2048,3
8934.842414,17361.0,2.0,41041,2.537258662,2048,4
8973.50507,19196.0,347.0,41044,2.533136307,2048,5
9005.633123,21066.0,406.0,41045,2.518175675,2048,6
9074.312285,23510.0,407.0,41047,2.525067204,2048,7
9115.128933,24653.0,45.0,41049,2.512667341,2048,8
30206.183556,108.0,0.0,163902,30.301202083,4096,1
30580.61919,855.0,1.0,163917,15.908805149,4096,2
31600.732093,21949.0,2.0,163919,11.431485689,4096,3
32267.844771,48100.0,6.0,163921,9.108162237,4096,4
32355.638509,52832.0,392.0,163922,9.105642466,4096,5
32456.319223,63304.0,528.0,163925,9.117575723,4096,6
32640.261256,68040.0,452.0,163927,9.11228204,4096,7
32714.160392,80700.0,63.0,163929,9.079214093,4096,8
116325.910453,347.0,1.0,655422,116.788795553,8192,1
130474.181317,31546.0,3.0,655437,67.976596438,8192,2
135693.068865,164805.0,5.0,655438,49.081657018,8192,3
141560.570065,291733.0,6.0,655441,40.035726688,8192,4
144132.124806,353185.0,5918.0,655442,40.455020552,8192,5
141702.1443,375182.0,5623.0,655444,39.489138951,8192,6
136538.157186,348234.0,3276.0,655446,38.017457817,8192,7
143549.226984,454953.0,589.0,655448,39.46798169,8192,8
0.521824,0.0,0.0,63,0.000815637,16,1
1.150155,2.0,0.0,78,0.001895081,16,2
1.2627,4.0,0.0,81,0.001277225,16,3
1.394272,5.0,1.0,82,0.001311917,16,4
1.571159,11.0,1.0,85,0.001440625,16,5
1.858307,15.0,2.0,87,0.001605082,16,6
2.14034,21.0,3.0,89,0.001788291,16,7
2.418314,27.0,3.0,90,0.001968162,16,8
0.838792,0.0,0.0,71,0.001147655,32,1
1.487064,3.0,0.0,86,0.001475129,32,2
1.695527,6.0,0.0,87,0.001493089,32,3
1.887638,9.0,1.0,89,0.001507617,32,4
2.009547,12.0,1.0,92,0.001548036,32,5
2.171403,14.0,2.0,94,0.001623751,32,6
2.315116,16.0,2.0,95,0.001670908,32,7
2.413989,18.0,3.0,99,0.001728742,32,8
1.827601,0.0,0.0,101,0.002118982,64,1
3.062251,5.0,0.0,116,0.002397352,64,2
3.396383,16.0,0.0,118,0.00222176,64,3
3.991276,26.0,1.0,119,0.002333352,64,4
4.400017,36.0,2.0,121,0.002415902,64,5
4.528988,39.0,3.0,123,0.00253845,64,6
4.93055,51.0,2.0,125,0.002659946,64,7
5.03401,55.0,3.0,128,0.002672397,64,8
5.969556,0.0,0.0,221,0.006297775,128,1
9.249422,21.0,0.0,236,0.006132462,128,2
10.21523,51.0,0.0,238,0.005482827,128,3
13.058337,111.0,1.0,240,0.005870926,128,4
14.040424,152.0,3.0,242,0.005929575,128,5
14.658442,178.0,4.0,243,0.006031086,128,6
15.208486,211.0,4.0,246,0.006070111,128,7
16.023442,247.0,4.0,248,0.006130751,128,8
21.470206,0.0,0.0,702,0.021771318,256,1
35.168933,65.0,0.0,717,0.021615145,256,2
37.818284,218.0,0.0,718,0.018423588,256,3
48.750489,452.0,1.0,720,0.019689642,256,4
52.166701,582.0,7.0,722,0.020132562,256,5
55.697303,751.0,12.0,725,0.020455768,256,6
59.785218,881.0,12.0,726,0.021001093,256,7
64.239339,1118.0,7.0,728,0.021521067,256,8
83.450773,0.0,0.0,2622,0.083791939,512,1
131.320593,214.0,1.0,2637,0.077439527,512,2
160.82969,1296.0,2.0,2638,0.074945912,512,3
198.723524,2373.0,2.0,2641,0.076418631,512,4
213.078304,3019.0,58.0,2643,0.078352216,512,5
230.526234,3424.0,65.0,2644,0.081287604,512,6
250.081191,4315.0,56.0,2646,0.082503297,512,7
273.957526,5256.0,10.0,2648,0.085659053,512,8
330.129965,3.0,1.0,10302,0.334096909,1024,1
514.770292,184.0,2.0,10317,0.298988485,1024,2
567.449277,4674.0,1.0,10319,0.259235366,1024,3
664.745429,10962.0,4.0,10321,0.257668789,1024,4
688.854615,12572.0,106.0,10322,0.261412328,1024,5
723.978405,15017.0,149.0,10324,0.26058518,1024,6
779.57085,19627.0,128.0,10326,0.267168701,1024,7
846.977376,25553.0,16.0,10329,0.27286866,1024,8
1303.241706,23.0,0.0,41022,1.32804434,2048,1
2407.368259,7875.0,1.0,41036,1.406761684,2048,2
2703.653585,28269.0,2.0,41038,1.236945514,2048,3
3372.082024,54001.0,2.0,41040,1.262924549,2048,4
3594.507305,60682.0,1592.0,41042,1.277252549,2048,5
3920.370781,71946.0,1766.0,41044,1.324767718,2048,6
4316.998882,83178.0,1228.0,41046,1.368451353,2048,7
4771.854393,97224.0,63.0,41048,1.427588908,2048,8
5221.751133,96.0,3.0,163902,5.324418291,4096,1
8520.477776,3239.0,2.0,163918,4.889266037,4096,2
9289.834646,90788.0,4.0,163919,4.199266566,4096,3
10536.025344,188305.0,4.0,163921,4.074191534,4096,4
11089.758734,224941.0,2327.0,163923,4.10442609,4096,5
11728.825504,276803.0,2870.0,163924,4.13857021,4096,6
12729.476846,360584.0,2747.0,163926,4.267755932,4096,7
13901.896415,470299.0,99.0,163929,4.363745191,4096,8
20771.753626,277.0,2.0,655422,21.212038909,8192,1
39486.045514,116342.0,4.0,655437,22.943553888,8192,2
39083.723213,410582.0,4.0,655438,17.700153597,8192,3
50303.462499,855713.0,6.0,655441,18.808685028,8192,4
55299.265451,1.009973e6,26540.0,655443,19.701247512,8192,5
47151.142981,1.112346e6,11450.0,655444,16.718457701,8192,6
50511.848741,1.414122e6,10048.0,655447,16.837050296,8192,7
59368.362796,1.781412e6,541.0,655448,18.448448742,8192,8
0.954709,0.0,0.0,63,0.002079082,16,1
1.871471,2.0,0.0,78,0.002308714,16,2
1.673832,4.0,0.0,81,0.00140544,16,3
1.800013,5.0,1.0,83,0.001418512,16,4
1.948985,6.0,1.0,85,0.001475095,16,5
2.015264,8.0,2.0,87,0.001526501,16,6
2.30992,11.0,3.0,89,0.001703118,16,7
2.403023,12.0,4.0,90,0.001716983,16,8
2.430669,0.0,0.0,71,0.002739196,32,1
3.115193,2.0,0.0,86,0.002294585,32,2
3.378191,4.0,0.0,87,0.0020824,32,3
3.522387,6.0,1.0,90,0.001985275,32,4
3.71741,10.0,2.0,91,0.002025381,32,5
3.801054,9.0,2.0,93,0.002005672,32,6
4.064926,14.0,2.0,96,0.00211973,32,7
4.114641,17.0,3.0,98,0.002170133,32,8
8.012207,0.0,0.0,102,0.008307132,64,1
9.405934,3.0,0.0,116,0.005550511,64,2
9.961925,7.0,0.0,118,0.004349306,64,3
10.439803,10.0,1.0,119,0.003985022,64,4
10.513352,12.0,2.0,122,0.003925574,64,5
10.828352,17.0,2.0,124,0.004088864,64,6
10.983909,19.0,4.0,126,0.004065824,64,7
11.301771,23.0,5.0,128,0.00425741,64,8
30.938723,0.0,0.0,221,0.031260585,128,1
34.412408,5.0,0.0,236,0.018627797,128,2
36.340248,19.0,0.0,238,0.01402009,128,3
37.923733,30.0,2.0,239,0.0122941,128,4
37.981585,36.0,3.0,241,0.011696674,128,5
38.452665,36.0,6.0,244,0.011869936,128,6
38.272272,37.0,6.0,245,0.011686834,128,7
38.512145,42.0,6.0,248,0.011797475,128,8
122.311717,0.0,0.0,702,0.122663429,256,1
133.714975,18.0,1.0,716,0.070435313,256,2
141.059548,66.0,0.0,718,0.052002455,256,3
148.46503,136.0,2.0,720,0.043334357,256,4
148.332638,150.0,6.0,722,0.042859987,256,5
148.48079,160.0,7.0,724,0.042629123,256,6
149.434699,180.0,13.0,726,0.043114317,256,7
148.781236,164.0,7.0,728,0.042783617,256,8
485.081949,1.0,0.0,2622,0.48553715,512,1
540.131291,120.0,1.0,2637,0.281582329,512,2
564.196554,358.0,2.0,2638,0.204976042,512,3
588.693145,663.0,3.0,2641,0.166099205,512,4
591.249798,737.0,29.0,2643,0.166793589,512,5
592.309966,766.0,30.0,2644,0.166016259,512,6
592.334549,754.0,24.0,2647,0.165580008,512,7
593.526813,882.0,8.0,2649,0.165174467,512,8
1946.34173,6.0,1.0,10302,1.951060865,1024,1
1986.094216,30.0,2.0,10316,1.033848636,1024,2
2056.543676,273.0,2.0,10318,0.741957879,1024,3
2100.01491,1148.0,2.0,10320,0.592143667,1024,4
2095.218386,1272.0,79.0,10323,0.586276308,1024,5
2097.283025,1398.0,72.0,10325,0.586216547,1024,6
2099.398244,1557.0,55.0,10327,0.584799863,1024,7
2107.792066,1986.0,27.0,10329,0.58797334,1024,8
7709.956748,25.0,1.0,41022,7.734589596,2048,1
8671.207625,2308.0,1.0,41036,4.515910173,2048,2
8974.977681,7535.0,2.0,41039,3.23607911,2048,3
9415.913764,15396.0,3.0,41041,2.64574558,2048,4
9424.734114,15191.0,222.0,41042,2.632286629,2048,5
9448.812999,16383.0,266.0,41044,2.629925634,2048,6
9480.149939,17161.0,289.0,41047,2.618509238,2048,7
9495.774151,18420.0,48.0,41048,2.609348771,2048,8
30811.01434,81.0,0.0,163902,30.907952501,4096,1
31651.326314,483.0,4.0,163916,16.435640237,4096,2
32689.189199,4568.0,2.0,163918,11.704735792,4096,3
33458.068094,21467.0,4.0,163921,9.367331002,4096,4
33442.364494,24215.0,279.0,163923,9.305504456,4096,5
33470.289169,27244.0,393.0,163924,9.298226972,4096,6
33507.395499,29896.0,335.0,163926,9.28646116,4096,7
33625.181607,34620.0,65.0,163929,9.312080501,4096,8
122971.553075,340.0,2.0,655422,123.432044616,8192,1
137283.513701,30355.0,19.0,655437,71.41042573,8192,2
137014.456872,71731.0,3.0,655438,49.143566767,8192,3
150017.400897,244236.0,5.0,655440,41.804471703,8192,4
138761.573649,153187.0,1795.0,655442,38.743695785,8192,5
135248.36399,122721.0,1497.0,655444,37.510745679,8192,6
137222.903992,161954.0,1559.0,655446,37.996071749,8192,7
136093.753077,160992.0,240.0,655449,37.63436706,8192,8
0.984359,0.0,0.0,63,0.001535235,16,1
1.666139,2.0,0.0,78,0.001737067,16,2
1.708658,4.0,0.0,81,0.001423696,16,3
1.865439,5.0,1.0,82,0.00141927,16,4
2.014011,7.0,2.0,85,0.001491403,16,5
2.155917,8.0,2.0,86,0.001553738,16,6
2.324101,11.0,2.0,89,0.001615997,16,7
2.450104,11.0,4.0,90,0.001694595,16,8
2.624964,0.0,0.0,71,0.002915087,32,1
3.305873,2.0,0.0,86,0.002357305,32,2
3.557208,4.0,0.0,88,0.002100043,32,3
3.793373,5.0,1.0,89,0.0020094,32,4
3.908679,8.0,2.0,92,0.002046373,32,5
3.964771,10.0,3.0,94,0.002082053,32,6
4.238641,13.0,2.0,96,0.002186573,32,7
4.286408,12.0,3.0,98,0.002127601,32,8
9.120061,0.0,0.0,102,0.009408439,64,1
10.374414,3.0,0.0,116,0.006029541,64,2
10.957496,6.0,0.0,117,0.004685588,64,3
11.526602,9.0,1.0,119,0.00425107,64,4
11.519477,13.0,2.0,121,0.004443114,64,5
11.856575,16.0,3.0,123,0.004330427,64,6
12.130322,18.0,4.0,126,0.004423423,64,7
12.206971,20.0,5.0,128,0.00443048,64,8
34.880048,0.0,0.0,221,0.035195546,128,1
38.399137,6.0,0.0,236,0.020606799,128,2
40.178009,13.0,0.0,238,0.015228557,128,3
41.616209,22.0,1.0,239,0.013129108,128,4
41.88744,30.0,4.0,242,0.012804968,128,5
42.17162,32.0,6.0,244,0.012743734,128,6
41.918671,34.0,6.0,245,0.012663958,128,7
42.178873,36.0,6.0,248,0.012724625,128,8
138.179893,0.0,0.0,702,0.138512953,256,1
148.670932,15.0,1.0,717,0.077738049,256,2
157.158928,51.0,0.0,719,0.057554904,256,3
163.270751,88.0,1.0,720,0.046948575,256,4
163.265432,91.0,8.0,723,0.046602928,256,5
163.370432,96.0,8.0,724,0.046554317,256,6
162.506273,107.0,11.0,726,0.046141081,256,7
162.712099,116.0,8.0,729,0.046319035,256,8
549.499585,1.0,0.0,2622,0.549862354,512,1
601.725754,71.0,1.0,2636,0.311708065,512,2
623.383149,198.0,1.0,2638,0.22363743,512,3
642.138608,341.0,2.0,2641,0.178950995,512,4
643.062081,393.0,28.0,2642,0.178491114,512,5
644.566168,408.0,32.0,2644,0.178506973,512,6
644.903911,439.0,28.0,2646,0.177859536,512,7
642.678537,466.0,12.0,2649,0.176852142,512,8
2198.004403,6.0,0.0,10303,2.202895944,1024,1
2240.900168,25.0,1.0,10316,1.16084892,1024,2
2306.297089,184.0,1.0,10318,0.824776215,1024,3
2337.861443,479.0,2.0,10320,0.64880922,1024,4
2331.733245,533.0,39.0,10322,0.642708993,1024,5
2334.010495,602.0,43.0,10324,0.644404273,1024,6
2334.35237,675.0,40.0,10326,0.644179821,1024,7
2340.587337,782.0,13.0,10328,0.646036345,1024,8
8756.091138,26.0,0.0,41022,8.780636516,2048,1
9639.142164,1469.0,2.0,41036,4.992322643,2048,2
9895.009586,4156.0,2.0,41038,3.52749326,2048,3
10191.348132,7197.0,3.0,41040,2.807277735,2048,4
10222.540187,7300.0,134.0,41043,2.81759694,2048,5
10173.055088,8352.0,186.0,41044,2.792297676,2048,6
10238.36942,8778.0,226.0,41047,2.802436366,2048,7
10257.690004,9955.0,35.0,41049,2.800959436,2048,8
34980.665547,109.0,1.0,163902,35.079803511,4096,1
35826.808464,414.0,2.0,163916,18.538033373,4096,2
36717.471867,3892.0,2.0,163918,13.053295854,4096,3
37226.17847,10546.0,2.0,163921,10.219946584,4096,4
37310.695181,11798.0,255.0,163922,10.254855351,4096,5
37369.476017,13675.0,363.0,163925,10.264349129,4096,6
37439.770025,15672.0,275.0,163927,10.287995812,4096,7
37406.998544,17707.0,71.0,163929,10.266990076,4096,8
139750.460247,357.0,7.0,655422,140.210199906,8192,1
154183.353064,23412.0,2.0,655436,79.787309975,8192,2
148023.483086,21835.0,3.0,655439,52.659429948,8192,3
161622.635739,118808.0,4.0,655441,44.425282279,8192,4
155985.528231,96874.0,1413.0,655443,42.783966668,8192,5
160754.807703,131302.0,2021.0,655445,43.935316722,8192,6
163495.024032,162136.0,1989.0,655446,44.499873022,8192,7
153496.315467,96925.0,286.0,655448,42.010077535,8192,8
0.985058,0.0,0.0,74,0.00118525,16,1
1.234142,0.0,0.0,78,0.001091076,16,2
1.505661,0.0,0.0,80,0.00110161,16,3
3.417612,0.0,0.0,81,0.001644114,16,4
1.459715,12.0,3.0,83,0.00120063,16,5
1.539267,16.0,5.0,86,0.001265044,16,6
1.584101,21.0,6.0,88,0.001274231,16,7
1.697782,25.0,7.0,90,0.00136634,16,8
2.329607,0.0,0.0,81,0.002535888,32,1
2.633867,0.0,0.0,83,0.001801202,32,2
3.902206,0.0,0.0,85,0.002065876,32,3
6.734707,0.0,0.0,88,0.002662057,32,4
2.88937,12.0,4.0,90,0.001608177,32,5
2.902556,16.0,5.0,92,0.001637837,32,6
3.033501,21.0,6.0,94,0.001698427,32,7
3.207356,25.0,7.0,97,0.001851507,32,8
7.780107,0.0,0.0,111,0.008000927,64,1
8.096165,0.0,0.0,114,0.004605323,64,2
8.826412,0.0,0.0,115,0.003640638,64,3
15.658403,1.0,0.0,118,0.005215521,64,4
8.380256,12.0,5.0,121,0.003141106,64,5
8.609352,17.0,6.0,122,0.003269563,64,6
8.628786,21.0,6.0,124,0.003291936,64,7
8.777961,25.0,7.0,127,0.003392325,64,8
29.240762,0.0,0.0,231,0.029474247,128,1
29.879959,0.0,0.0,233,0.015730546,128,2
31.690928,0.0,0.0,235,0.011594188,128,3
35.317951,1.0,0.0,239,0.01018823,128,4
30.884364,14.0,5.0,240,0.009523839,128,5
31.145956,18.0,6.0,243,0.009610261,128,6
31.257534,22.0,8.0,245,0.009698636,128,7
31.292996,26.0,8.0,246,0.00973799,128,8
115.682732,0.0,0.0,712,0.115947734,256,1
118.660332,0.0,0.0,714,0.061220005,256,2
123.892751,0.0,0.0,716,0.043809301,256,3
129.86358,4.0,0.0,719,0.03532822,256,4
120.527959,18.0,4.0,722,0.034804197,256,5
120.322683,24.0,6.0,723,0.034668315,256,6
120.674586,30.0,6.0,725,0.034885789,256,7
121.068367,34.0,7.0,727,0.035067474,256,8
460.250612,1.0,0.0,2633,0.46064031,512,1
470.5861,1.0,0.0,2634,0.241144682,512,2
486.115219,1.0,0.0,2637,0.169805724,512,3
505.628558,10.0,0.0,2640,0.135558862,512,4
477.771434,28.0,5.0,2642,0.134951696,512,5
477.725515,41.0,7.0,2643,0.135276476,512,6
477.527488,53.0,7.0,2645,0.134891199,512,7
477.908597,59.0,9.0,2648,0.135026324,512,8
1844.518687,6.0,1.0,10312,1.852657995,1024,1
1859.139476,7.0,0.0,10314,0.966149866,1024,2
1906.123192,8.0,0.0,10316,0.680763209,1024,3
1938.440471,12.0,1.0,10320,0.534450123,1024,4
1899.921154,59.0,11.0,10321,0.533293111,1024,5
1906.497741,100.0,17.0,10324,0.537280903,1024,6
1887.215853,139.0,13.0,10325,0.533065956,1024,7
1905.265735,165.0,14.0,10327,0.536924926,1024,8
7367.947258,25.0,1.0,41033,7.395079584,2048,1
7380.183829,29.0,1.0,41034,3.841026129,2048,2
7529.179701,30.0,1.0,41037,2.703372275,2048,3
7641.364899,40.0,2.0,41039,2.133879464,2048,4
7555.358571,197.0,32.0,41042,2.109906374,2048,5
7590.737521,353.0,43.0,41044,2.128345808,2048,6
7584.954118,501.0,31.0,41046,2.12580581,2048,7
7587.332534,653.0,13.0,41047,2.123044364,2048,8
29364.622629,106.0,1.0,163912,29.465220352,4096,1
29447.469962,92.0,1.0,163914,15.306280462,4096,2
30019.082744,112.0,1.0,163916,10.760574146,4096,3
30299.008173,126.0,2.0,163919,8.414332275,4096,4
30266.419038,779.0,122.0,163921,8.425458803,4096,5
30285.510916,1366.0,161.0,163924,8.425847532,4096,6
30231.996247,1966.0,102.0,163925,8.406784946,4096,7
30254.913428,2549.0,20.0,163927,8.418805626,4096,8
117027.101528,326.0,1.0,655432,117.486718413,8192,1
117643.905033,353.0,1.0,655434,61.277625896,8192,2
120104.104592,372.0,1.0,655436,43.206057441,8192,3
120948.740063,409.0,15.0,655439,33.582440995,8192,4
120722.15698,2870.0,461.0,655441,33.555507301,8192,5
119905.374144,5232.0,628.0,655443,33.369789547,8192,6
119899.658786,7738.0,362.0,655446,33.349029735,8192,7
119966.877221,10004.0,15.0,655447,33.421903346,8192,8
0.624908,0.0,0.0,74,0.000833602,16,1
0.820776,0.0,0.0,77,0.000871238,16,2
2.106612,0.0,0.0,79,0.00145678,16,3
4.201405,0.0,0.0,81,0.001929163,16,4
1.102397,13.0,3.0,84,0.001128557,16,5
1.227932,16.0,4.0,86,0.001221873,16,6
1.240638,21.0,6.0,89,0.001226623,16,7
1.28673,25.0,6.0,90,0.00124404,16,8
0.863649,0.0,0.0,81,0.001061655,32,1
1.112528,0.0,0.0,84,0.001036193,32,2
1.765046,0.0,0.0,86,0.001262507,32,3
3.886683,0.0,0.0,88,0.001828665,32,4
1.364181,13.0,4.0,90,0.001226642,32,5
1.418915,16.0,5.0,92,0.00125398,32,6
1.471892,20.0,6.0,95,0.001296356,32,7
1.559179,25.0,7.0,96,0.001362116,32,8
1.964161,0.0,0.0,112,0.002390692,64,1
2.306722,0.0,0.0,113,0.00171618,64,2
2.977408,0.0,0.0,115,0.00171928,64,3
6.770596,0.0,0.0,118,0.002765897,64,4
2.456644,12.0,4.0,120,0.00167051,64,5
2.543425,16.0,5.0,122,0.0017254,64,6
2.580599,20.0,5.0,124,0.001745882,64,7
2.695126,25.0,8.0,126,0.001843286,64,8
5.73961,0.0,0.0,231,0.005953087,128,1
6.727855,0.0,0.0,233,0.004164623,128,2
7.680651,0.0,0.0,235,0.003567102,128,3
10.366395,0.0,0.0,238,0.003899727,128,4
6.876187,13.0,5.0,240,0.003481455,128,5
6.802852,17.0,6.0,243,0.003445807,128,6
6.972649,21.0,7.0,244,0.003556825,128,7
7.121408,25.0,8.0,247,0.003654524,128,8
21.158794,0.0,0.0,712,0.021409167,256,1
23.647136,0.0,0.0,714,0.013677603,256,2
27.365611,0.0,0.0,716,0.011467784,256,3
32.765991,1.0,0.0,719,0.011111099,256,4
24.218364,14.0,3.0,721,0.010665051,256,5
24.430467,16.0,4.0,724,0.01078156,256,6
24.490561,21.0,6.0,725,0.010765692,256,7
24.622336,26.0,7.0,727,0.010950387,256,8
82.768126,0.0,0.0,2632,0.083040172,512,1
93.107777,0.0,0.0,2634,0.053009474,512,2
104.438492,1.0,0.0,2637,0.042717304,512,3
123.985986,4.0,0.0,2639,0.040213448,512,4
92.774097,16.0,5.0,2641,0.038433971,512,5
92.7264,21.0,6.0,2644,0.038597019,512,6
92.901483,26.0,7.0,2645,0.038673316,512,7
93.72585,31.0,7.0,2647,0.039313953,512,8
328.09079,3.0,1.0,10312,0.331858445,1024,1
343.781411,3.0,0.0,10314,0.206055373,1024,2
366.746525,4.0,0.0,10317,0.165986341,1024,3
398.807177,8.0,1.0,10319,0.149190855,1024,4
361.611614,22.0,6.0,10322,0.146817957,1024,5
367.680777,32.0,7.0,10324,0.153101397,1024,6
360.618487,40.0,7.0,10325,0.145720922,1024,7
357.736514,46.0,8.0,10327,0.146120393,1024,8
1296.816833,21.0,0.0,41032,1.321561805,2048,1
1336.020976,24.0,1.0,41034,0.823043985,2048,2
1405.265265,25.0,1.0,41037,0.662587908,2048,3
1461.51559,24.0,2.0,41040,0.582523378,2048,4
1430.947046,56.0,8.0,41041,0.585554124,2048,5
1417.552623,87.0,10.0,41044,0.575828383,2048,6
1429.417002,108.0,12.0,41045,0.581365507,2048,7
1426.596661,134.0,11.0,41048,0.579663534,2048,8
5151.655271,86.0,1.0,163912,5.254782837,4096,1
5253.372616,99.0,1.0,163914,3.219947953,4096,2
5461.413038,99.0,1.0,163917,2.574367515,4096,3
5703.736325,106.0,3.0,163920,2.278827304,4096,4
5647.784268,210.0,22.0,163921,2.260001963,4096,5
5649.007043,311.0,35.0,163923,2.259219019,4096,6
5704.161417,408.0,20.0,163925,2.309851106,4096,7
5659.735694,495.0,14.0,163927,2.26149605,4096,8
20629.802957,289.0,1.0,655433,21.091363944,8192,1
20901.884015,297.0,1.0,655435,12.894805775,8192,2
22077.986315,300.0,1.0,655436,10.530035079,8192,3
22672.035432,309.0,10.0,655439,9.099633381,8192,4
22640.745823,717.0,65.0,655441,9.102089919,8192,5
22628.765843,1100.0,103.0,655443,9.136467152,8192,6
22383.176345,1472.0,58.0,655446,8.993496469,8192,7
22421.210948,1849.0,10.0,655447,9.03210434,8192,8
0.991481,0.0,0.0,75,0.001187799,16,1
1.249266,0.0,0.0,78,0.001104201,16,2
2.557996,0.0,0.0,80,0.001625266,16,3
4.191122,0.0,0.0,81,0.001900095,16,4
1.471458,12.0,4.0,83,0.001209209,16,5
1.537079,16.0,5.0,85,0.001277067,16,6
1.597662,21.0,6.0,89,0.001288606,16,7
1.683938,25.0,6.0,90,0.001325446,16,8
2.43185,0.0,0.0,82,0.002630263,32,1
2.655606,0.0,0.0,84,0.001812863,32,2
3.211468,0.0,0.0,86,0.001713779,32,3
5.781396,0.0,0.0,88,0.002326502,32,4
2.966443,13.0,4.0,90,0.001609553,32,5
3.038565,17.0,5.0,92,0.001688274,32,6
3.056167,21.0,6.0,94,0.001687313,32,7
3.136128,24.0,6.0,96,0.001760164,32,8
8.231439,0.0,0.0,111,0.00845803,64,1
8.464455,0.0,0.0,113,0.004794251,64,2
9.069875,0.0,0.0,115,0.003709266,64,3
12.583652,0.0,0.0,118,0.004170709,64,4
8.900607,13.0,4.0,120,0.00330611,64,5
8.797771,17.0,6.0,122,0.00327088,64,6
9.050593,21.0,5.0,124,0.003393798,64,7
9.191463,25.0,7.0,126,0.003502975,64,8
31.029216,0.0,0.0,232,0.031269014,128,1
31.455911,0.0,0.0,233,0.016549335,128,2
33.510899,0.0,0.0,235,0.012243732,128,3
35.896721,1.0,0.0,238,0.010254401,128,4
32.557992,14.0,4.0,241,0.009922473,128,5
33.018769,17.0,6.0,242,0.010031856,128,6
32.762064,22.0,6.0,244,0.010029589,128,7
32.827209,26.0,8.0,246,0.010140215,128,8
122.089146,0.0,0.0,713,0.122347327,256,1
124.879242,1.0,0.0,714,0.064267345,256,2
130.971706,1.0,0.0,717,0.046139295,256,3
148.08172,5.0,1.0,720,0.040933285,256,4
127.349214,19.0,4.0,722,0.036519283,256,5
127.175863,24.0,6.0,724,0.036443972,256,6
127.387893,31.0,7.0,725,0.036590252,256,7
127.438741,35.0,7.0,728,0.036590932,256,8
487.24259,1.0,0.0,2632,0.487521882,512,1
498.426205,1.0,0.0,2635,0.25522564,512,2
513.025678,1.0,0.0,2637,0.178724403,512,3
533.141097,10.0,0.0,2640,0.142630582,512,4
504.328796,29.0,5.0,2642,0.141283633,512,5
503.404186,43.0,6.0,2643,0.141447141,512,6
504.627705,53.0,9.0,2645,0.141808857,512,7
504.617385,62.0,10.0,2648,0.141587055,512,8
1957.141992,6.0,0.0,10313,1.962134372,1024,1
1968.201152,6.0,1.0,10314,1.02034895,1024,2
2007.788857,9.0,1.0,10316,0.714896989,1024,3
2046.842609,15.0,1.0,10320,0.562529999,1024,4
2010.039362,60.0,12.0,10321,0.562157643,1024,5
2005.457986,102.0,18.0,10323,0.558398821,1024,6
2009.596476,146.0,13.0,10326,0.560078058,1024,7
2009.700875,181.0,14.0,10328,0.563401454,1024,8
7810.937752,25.0,1.0,41032,7.834676536,2048,1
7834.909297,29.0,1.0,41034,4.069108511,2048,2
7967.605816,32.0,1.0,41037,2.849980289,2048,3
8050.033604,40.0,2.0,41040,2.226328252,2048,4
7976.671639,207.0,31.0,41042,2.220966088,2048,5
8002.268376,371.0,47.0,41043,2.224737745,2048,6
8023.861816,529.0,31.0,41046,2.233604237,2048,7
8039.201187,690.0,15.0,41048,2.247244596,2048,8
31137.95285,94.0,0.0,163913,31.237224935,4096,1
31300.214523,114.0,1.0,163915,16.253089137,4096,2
31795.100997,110.0,1.0,163917,11.362165198,4096,3
32062.318123,128.0,2.0,163919,8.86015827,4096,4
32014.48353,795.0,126.0,163921,8.858215622,4096,5
32030.794862,1442.0,178.0,163924,8.86949701,4096,6
32013.260479,2078.0,97.0,163925,8.864513449,4096,7
32025.546109,2713.0,18.0,163928,8.873759961,4096,8
124502.478064,332.0,6.0,655433,124.964508815,8192,1
124758.658831,354.0,0.0,655435,64.828492992,8192,2
126805.586589,331.0,0.0,655437,45.34345369,8192,3
127822.56518,420.0,2.0,655439,35.402270421,8192,4
127912.499393,3052.0,493.0,655441,35.430160294,8192,5
127976.651649,5636.0,738.0,655443,35.450624663,8192,6
126795.997636,8064.0,340.0,655445,35.163328999,8192,7
126743.110006,10583.0,13.0,655448,35.097746282,8192,8
1.051086,0.0,0.0,75,0.001259073,16,1
1.282074,0.0,0.0,77,0.001100096,16,2
2.831253,1.0,0.0,79,0.001753068,16,3
2.867022,0.0,0.0,81,0.001450043,16,4
1.531732,13.0,3.0,83,0.001217311,16,5
1.639466,16.0,5.0,85,0.001317537,16,6
1.700049,21.0,6.0,88,0.001338351,16,7
1.769715,24.0,6.0,90,0.001363961,16,8
2.668274,0.0,0.0,82,0.002866793,32,1
2.903858,0.0,0.0,83,0.001938064,32,2
4.328477,0.0,0.0,86,0.002214776,32,3
8.483522,0.0,1.0,88,0.00319766,32,4
3.243807,12.0,4.0,90,0.001701549,32,5
3.262201,16.0,6.0,93,0.001727605,32,6
3.349967,21.0,6.0,95,0.001795331,32,7
3.532154,25.0,6.0,96,0.001938279,32,8
9.240986,0.0,0.0,111,0.009483788,64,1
9.593486,0.0,0.0,113,0.005343611,64,2
10.04443,0.0,0.0,115,0.004036712,64,3
15.09982,0.0,0.0,119,0.004913058,64,4
9.955975,13.0,4.0,120,0.003592495,64,5
10.085981,16.0,5.0,122,0.00364286,64,6
10.141626,22.0,7.0,125,0.003700984,64,7
10.236849,26.0,7.0,127,0.003748158,64,8
34.945856,0.0,0.0,232,0.035186035,128,1
35.519087,0.0,0.0,234,0.018572027,128,2
38.221787,0.0,0.0,235,0.013878045,128,3
39.637173,2.0,1.0,238,0.011178956,128,4
36.981917,14.0,5.0,241,0.011075913,128,5
36.836103,18.0,6.0,242,0.01110797,128,6
36.819737,22.0,8.0,244,0.011139439,128,7
36.921791,27.0,8.0,247,0.011244671,128,8
138.744591,0.0,0.0,712,0.139001057,256,1
140.894619,0.0,0.0,714,0.072346599,256,2
147.099439,0.0,0.0,717,0.051323741,256,3
162.144479,5.0,1.0,719,0.044184258,256,4
143.669873,19.0,4.0,721,0.040669057,256,5
144.111822,25.0,6.0,724,0.040771382,256,6
143.373752,31.0,7.0,726,0.040647285,256,7
143.832836,37.0,8.0,728,0.040780974,256,8
575.898311,1.0,0.0,2633,0.576185037,512,1
562.070127,2.0,0.0,2634,0.287009585,512,2
580.23505,1.0,0.0,2636,0.201345787,512,3
600.150093,10.0,0.0,2639,0.159537125,512,4
568.454766,30.0,6.0,2641,0.157402649,512,5
568.3548,46.0,8.0,2643,0.156767824,512,6
569.530856,58.0,8.0,2646,0.157987421,512,7
572.43457,68.0,10.0,2647,0.159018883,512,8
2219.479048,6.0,1.0,10312,2.224635269,1024,1
2223.259831,7.0,0.0,10315,1.14631946,1024,2
2274.321596,8.0,0.0,10316,0.804140052,1024,3
2307.684289,13.0,1.0,10319,0.62702936,1024,4
2273.256381,69.0,13.0,10321,0.626265545,1024,5
2268.780224,115.0,17.0,10324,0.624726278,1024,6
2237.693516,156.0,16.0,10326,0.617466372,1024,7
2272.868858,197.0,21.0,10327,0.627828874,1024,8
8839.56546,25.0,0.0,41032,8.864592295,2048,1
8855.281912,30.0,1.0,41034,4.580591495,2048,2
9009.07212,33.0,1.0,41036,3.197157714,2048,3
9116.655309,40.0,3.0,41039,2.503294241,2048,4
9070.971803,232.0,39.0,41041,2.49707691,2048,5
9078.572086,416.0,49.0,41043,2.502135549,2048,6
9067.010423,605.0,39.0,41046,2.494189171,2048,7
9085.804138,772.0,15.0,41047,2.506688942,2048,8
35283.239703,108.0,1.0,163912,35.38164902,4096,1
35478.502223,116.0,1.0,163914,18.346337339,4096,2
35978.708782,117.0,2.0,163916,12.748117287,4096,3
36216.050384,135.0,2.0,163919,9.901126645,4096,4
36308.164298,887.0,160.0,163922,9.945478372,4096,5
36185.411142,1632.0,227.0,163923,9.928367646,4096,6
36214.99151,2336.0,102.0,163925,9.906340608,4096,7
36189.397771,3046.0,19.0,163927,9.911108445,4096,8
140861.721469,335.0,7.0,655432,141.321414419,8192,1
141317.761695,362.0,0.0,655435,73.096737065,8192,2
143497.863502,350.0,1.0,655436,50.999505015,8192,3
145011.702748,465.0,3.0,655439,39.675180086,8192,4
144680.760249,3432.0,589.0,655442,39.607029673,8192,5
143486.780252,6325.0,844.0,655443,39.296150326,8192,6
143256.463206,9114.0,428.0,655445,39.243412665,8192,7
143285.897726,11966.0,23.0,655447,39.273794018,8192,8
